season,sp,stock_area,strata
fall,acared,unit,1240
fall,acared,unit,1260
fall,acared,unit,1270
fall,acared,unit,1280
fall,acared,unit,1290
fall,acared,unit,1300
fall,acared,unit,1360
fall,acared,unit,1370
fall,acared,unit,1380
fall,acared,unit,1390
fall,acared,unit,1400
spring,acared,unit,1240
spring,acared,unit,1260
spring,acared,unit,1270
spring,acared,unit,1280
spring,acared,unit,1290
spring,acared,unit,1300
spring,acared,unit,1360
spring,acared,unit,1370
spring,acared,unit,1380
spring,acared,unit,1390
spring,acared,unit,1400
fall,alewif,unit,1010
fall,alewif,unit,1020
fall,alewif,unit,1030
fall,alewif,unit,1040
fall,alewif,unit,1050
fall,alewif,unit,1060
fall,alewif,unit,1070
fall,alewif,unit,1080
fall,alewif,unit,1090
fall,alewif,unit,1100
fall,alewif,unit,1110
fall,alewif,unit,1120
fall,alewif,unit,1130
fall,alewif,unit,1140
fall,alewif,unit,1150
fall,alewif,unit,1160
fall,alewif,unit,1170
fall,alewif,unit,1180
fall,alewif,unit,1190
fall,alewif,unit,1200
fall,alewif,unit,1210
fall,alewif,unit,1220
fall,alewif,unit,1230
fall,alewif,unit,1240
fall,alewif,unit,1250
fall,alewif,unit,1260
fall,alewif,unit,1270
fall,alewif,unit,1280
fall,alewif,unit,1290
fall,alewif,unit,1300
fall,alewif,unit,1340
fall,alewif,unit,1351
fall,alewif,unit,1352
fall,alewif,unit,1360
fall,alewif,unit,1370
fall,alewif,unit,1380
fall,alewif,unit,1390
fall,alewif,unit,1400
fall,alewif,unit,1610
fall,alewif,unit,1620
fall,alewif,unit,1630
fall,alewif,unit,1640
fall,alewif,unit,1650
fall,alewif,unit,1660
fall,alewif,unit,1670
fall,alewif,unit,1680
fall,alewif,unit,1690
fall,alewif,unit,1700
fall,alewif,unit,1710
fall,alewif,unit,1720
fall,alewif,unit,1730
fall,alewif,unit,1740
fall,alewif,unit,1750
fall,alewif,unit,1760
fall,alewif,unit,3020
fall,alewif,unit,3050
fall,alewif,unit,3080
fall,alewif,unit,3110
fall,alewif,unit,3140
fall,alewif,unit,3170
fall,alewif,unit,3200
fall,alewif,unit,3230
fall,alewif,unit,3260
fall,alewif,unit,3290
fall,alewif,unit,3320
fall,alewif,unit,3350
fall,alewif,unit,3380
fall,alewif,unit,3410
fall,alewif,unit,3440
fall,alewif,unit,3450
fall,alewif,unit,3460
fall,alewif,unit,3470
fall,alewif,unit,3480
fall,alewif,unit,3490
fall,alewif,unit,3500
fall,alewif,unit,3510
fall,alewif,unit,3530
fall,alewif,unit,3540
fall,alewif,unit,3560
fall,alewif,unit,3570
fall,alewif,unit,3590
fall,alewif,unit,3600
fall,alewif,unit,3610
fall,alewif,unit,3620
fall,alewif,unit,3640
fall,alewif,unit,3650
fall,alewif,unit,3660
fall,alewif,unit,3670
fall,alewif,unit,3680
fall,alewif,unit,3690
fall,alewif,unit,3700
fall,alewif,unit,3710
fall,alewif,unit,3720
fall,alewif,unit,3730
fall,alewif,unit,3740
fall,alewif,unit,3750
fall,alewif,unit,3760
fall,alewif,unit,3770
fall,alewif,unit,3780
fall,alewif,unit,3790
fall,alewif,unit,3800
fall,alewif,unit,3810
fall,alewif,unit,3820
fall,alewif,unit,3830
fall,alewif,unit,3840
fall,alewif,unit,3850
fall,alewif,unit,3860
fall,alewif,unit,3870
fall,alewif,unit,3880
fall,alewif,unit,3910
fall,alewif,unit,3920
spring,alewif,unit,1010
spring,alewif,unit,1020
spring,alewif,unit,1030
spring,alewif,unit,1040
spring,alewif,unit,1050
spring,alewif,unit,1060
spring,alewif,unit,1070
spring,alewif,unit,1080
spring,alewif,unit,1090
spring,alewif,unit,1100
spring,alewif,unit,1110
spring,alewif,unit,1120
spring,alewif,unit,1130
spring,alewif,unit,1140
spring,alewif,unit,1150
spring,alewif,unit,1160
spring,alewif,unit,1170
spring,alewif,unit,1180
spring,alewif,unit,1190
spring,alewif,unit,1200
spring,alewif,unit,1210
spring,alewif,unit,1220
spring,alewif,unit,1230
spring,alewif,unit,1240
spring,alewif,unit,1250
spring,alewif,unit,1260
spring,alewif,unit,1270
spring,alewif,unit,1280
spring,alewif,unit,1290
spring,alewif,unit,1300
spring,alewif,unit,1340
spring,alewif,unit,1351
spring,alewif,unit,1352
spring,alewif,unit,1360
spring,alewif,unit,1370
spring,alewif,unit,1380
spring,alewif,unit,1390
spring,alewif,unit,1400
spring,alewif,unit,1610
spring,alewif,unit,1620
spring,alewif,unit,1630
spring,alewif,unit,1640
spring,alewif,unit,1650
spring,alewif,unit,1660
spring,alewif,unit,1670
spring,alewif,unit,1680
spring,alewif,unit,1690
spring,alewif,unit,1700
spring,alewif,unit,1710
spring,alewif,unit,1720
spring,alewif,unit,1730
spring,alewif,unit,1740
spring,alewif,unit,1750
spring,alewif,unit,1760
spring,alewif,unit,3020
spring,alewif,unit,3050
spring,alewif,unit,3080
spring,alewif,unit,3110
spring,alewif,unit,3140
spring,alewif,unit,3170
spring,alewif,unit,3200
spring,alewif,unit,3230
spring,alewif,unit,3260
spring,alewif,unit,3290
spring,alewif,unit,3320
spring,alewif,unit,3350
spring,alewif,unit,3380
spring,alewif,unit,3410
spring,alewif,unit,3440
spring,alewif,unit,3450
spring,alewif,unit,3460
spring,alewif,unit,3470
spring,alewif,unit,3480
spring,alewif,unit,3490
spring,alewif,unit,3500
spring,alewif,unit,3510
spring,alewif,unit,3530
spring,alewif,unit,3540
spring,alewif,unit,3560
spring,alewif,unit,3570
spring,alewif,unit,3590
spring,alewif,unit,3600
spring,alewif,unit,3610
spring,alewif,unit,3620
spring,alewif,unit,3640
spring,alewif,unit,3650
spring,alewif,unit,3660
spring,alewif,unit,3670
spring,alewif,unit,3680
spring,alewif,unit,3690
spring,alewif,unit,3700
spring,alewif,unit,3710
spring,alewif,unit,3720
spring,alewif,unit,3730
spring,alewif,unit,3740
spring,alewif,unit,3750
spring,alewif,unit,3760
spring,alewif,unit,3770
spring,alewif,unit,3780
spring,alewif,unit,3790
spring,alewif,unit,3800
spring,alewif,unit,3810
spring,alewif,unit,3820
spring,alewif,unit,3830
spring,alewif,unit,3840
spring,alewif,unit,3850
spring,alewif,unit,3860
spring,alewif,unit,3870
spring,alewif,unit,3880
spring,alewif,unit,3910
spring,alewif,unit,3920
fall,amepla,unit,1130
fall,amepla,unit,1140
fall,amepla,unit,1150
fall,amepla,unit,1160
fall,amepla,unit,1170
fall,amepla,unit,1180
fall,amepla,unit,1190
fall,amepla,unit,1200
fall,amepla,unit,1210
fall,amepla,unit,1220
fall,amepla,unit,1230
fall,amepla,unit,1240
fall,amepla,unit,1250
fall,amepla,unit,1260
fall,amepla,unit,1270
fall,amepla,unit,1280
fall,amepla,unit,1290
fall,amepla,unit,1300
fall,amepla,unit,1360
fall,amepla,unit,1370
fall,amepla,unit,1380
fall,amepla,unit,1390
fall,amepla,unit,1400
spring,amepla,unit,1130
spring,amepla,unit,1140
spring,amepla,unit,1150
spring,amepla,unit,1160
spring,amepla,unit,1170
spring,amepla,unit,1180
spring,amepla,unit,1190
spring,amepla,unit,1200
spring,amepla,unit,1210
spring,amepla,unit,1220
spring,amepla,unit,1230
spring,amepla,unit,1240
spring,amepla,unit,1250
spring,amepla,unit,1260
spring,amepla,unit,1270
spring,amepla,unit,1280
spring,amepla,unit,1290
spring,amepla,unit,1300
spring,amepla,unit,1360
spring,amepla,unit,1370
spring,amepla,unit,1380
spring,amepla,unit,1390
spring,amepla,unit,1400
fall,atlcod,gbk,1130
fall,atlcod,gbk,1140
fall,atlcod,gbk,1150
fall,atlcod,gbk,1160
fall,atlcod,gbk,1170
fall,atlcod,gbk,1180
fall,atlcod,gbk,1190
fall,atlcod,gbk,1200
fall,atlcod,gbk,1210
fall,atlcod,gbk,1220
fall,atlcod,gbk,1230
fall,atlcod,gbk,1240
fall,atlcod,gbk,1250
fall,atlcod,gom,1260
fall,atlcod,gom,1270
fall,atlcod,gom,1280
fall,atlcod,gom,1290
fall,atlcod,gom,1300
fall,atlcod,gom,1360
fall,atlcod,gom,1370
fall,atlcod,gom,1380
fall,atlcod,gom,1390
fall,atlcod,gom,1400
spring,atlcod,gbk,1130
spring,atlcod,gbk,1140
spring,atlcod,gbk,1150
spring,atlcod,gbk,1160
spring,atlcod,gbk,1170
spring,atlcod,gbk,1180
spring,atlcod,gbk,1190
spring,atlcod,gbk,1200
spring,atlcod,gbk,1210
spring,atlcod,gbk,1220
spring,atlcod,gbk,1230
spring,atlcod,gbk,1240
spring,atlcod,gbk,1250
spring,atlcod,gom,1260
spring,atlcod,gom,1270
spring,atlcod,gom,1280
spring,atlcod,gom,1290
spring,atlcod,gom,1300
spring,atlcod,gom,1360
spring,atlcod,gom,1370
spring,atlcod,gom,1380
spring,atlcod,gom,1390
spring,atlcod,gom,1400
fall,atlhal,unit,1130
fall,atlhal,unit,1140
fall,atlhal,unit,1150
fall,atlhal,unit,1160
fall,atlhal,unit,1170
fall,atlhal,unit,1180
fall,atlhal,unit,1190
fall,atlhal,unit,1200
fall,atlhal,unit,1210
fall,atlhal,unit,1220
fall,atlhal,unit,1230
fall,atlhal,unit,1240
fall,atlhal,unit,1250
fall,atlhal,unit,1260
fall,atlhal,unit,1270
fall,atlhal,unit,1280
fall,atlhal,unit,1290
fall,atlhal,unit,1300
fall,atlhal,unit,1360
fall,atlhal,unit,1370
fall,atlhal,unit,1380
fall,atlhal,unit,1390
fall,atlhal,unit,1400
spring,atlhal,unit,1130
spring,atlhal,unit,1140
spring,atlhal,unit,1150
spring,atlhal,unit,1160
spring,atlhal,unit,1170
spring,atlhal,unit,1180
spring,atlhal,unit,1190
spring,atlhal,unit,1200
spring,atlhal,unit,1210
spring,atlhal,unit,1220
spring,atlhal,unit,1230
spring,atlhal,unit,1240
spring,atlhal,unit,1250
spring,atlhal,unit,1260
spring,atlhal,unit,1270
spring,atlhal,unit,1280
spring,atlhal,unit,1290
spring,atlhal,unit,1300
spring,atlhal,unit,1360
spring,atlhal,unit,1370
spring,atlhal,unit,1380
spring,atlhal,unit,1390
spring,atlhal,unit,1400
fall,atlher,unit,1050
fall,atlher,unit,1060
fall,atlher,unit,1070
fall,atlher,unit,1080
fall,atlher,unit,1090
fall,atlher,unit,1100
fall,atlher,unit,1110
fall,atlher,unit,1120
fall,atlher,unit,1130
fall,atlher,unit,1140
fall,atlher,unit,1150
fall,atlher,unit,1160
fall,atlher,unit,1170
fall,atlher,unit,1180
fall,atlher,unit,1190
fall,atlher,unit,1200
fall,atlher,unit,1210
fall,atlher,unit,1220
fall,atlher,unit,1230
fall,atlher,unit,1240
fall,atlher,unit,1250
fall,atlher,unit,1260
fall,atlher,unit,1270
fall,atlher,unit,1280
fall,atlher,unit,1290
fall,atlher,unit,1300
fall,atlher,unit,1360
fall,atlher,unit,1370
fall,atlher,unit,1380
fall,atlher,unit,1390
fall,atlher,unit,1400
spring,atlher,unit,1010
spring,atlher,unit,1020
spring,atlher,unit,1030
spring,atlher,unit,1040
spring,atlher,unit,1050
spring,atlher,unit,1060
spring,atlher,unit,1070
spring,atlher,unit,1080
spring,atlher,unit,1090
spring,atlher,unit,1100
spring,atlher,unit,1110
spring,atlher,unit,1120
spring,atlher,unit,1130
spring,atlher,unit,1140
spring,atlher,unit,1150
spring,atlher,unit,1160
spring,atlher,unit,1170
spring,atlher,unit,1180
spring,atlher,unit,1190
spring,atlher,unit,1200
spring,atlher,unit,1210
spring,atlher,unit,1220
spring,atlher,unit,1230
spring,atlher,unit,1240
spring,atlher,unit,1250
spring,atlher,unit,1260
spring,atlher,unit,1270
spring,atlher,unit,1280
spring,atlher,unit,1290
spring,atlher,unit,1300
spring,atlher,unit,1360
spring,atlher,unit,1370
spring,atlher,unit,1380
spring,atlher,unit,1390
spring,atlher,unit,1400
spring,atlher,unit,1610
spring,atlher,unit,1620
spring,atlher,unit,1630
spring,atlher,unit,1640
spring,atlher,unit,1650
spring,atlher,unit,1660
spring,atlher,unit,1670
spring,atlher,unit,1680
spring,atlher,unit,1690
spring,atlher,unit,1700
spring,atlher,unit,1710
spring,atlher,unit,1720
spring,atlher,unit,1730
spring,atlher,unit,1740
spring,atlher,unit,1750
spring,atlher,unit,1760
fall,atlmac,unit,1010
fall,atlmac,unit,1020
fall,atlmac,unit,1030
fall,atlmac,unit,1040
fall,atlmac,unit,1050
fall,atlmac,unit,1060
fall,atlmac,unit,1070
fall,atlmac,unit,1080
fall,atlmac,unit,1090
fall,atlmac,unit,1100
fall,atlmac,unit,1110
fall,atlmac,unit,1120
fall,atlmac,unit,1130
fall,atlmac,unit,1140
fall,atlmac,unit,1150
fall,atlmac,unit,1160
fall,atlmac,unit,1170
fall,atlmac,unit,1180
fall,atlmac,unit,1190
fall,atlmac,unit,1200
fall,atlmac,unit,1210
fall,atlmac,unit,1220
fall,atlmac,unit,1230
fall,atlmac,unit,1240
fall,atlmac,unit,1250
fall,atlmac,unit,1260
fall,atlmac,unit,1270
fall,atlmac,unit,1280
fall,atlmac,unit,1290
fall,atlmac,unit,1300
fall,atlmac,unit,1340
fall,atlmac,unit,1351
fall,atlmac,unit,1360
fall,atlmac,unit,1370
fall,atlmac,unit,1380
fall,atlmac,unit,1390
fall,atlmac,unit,1400
fall,atlmac,unit,1650
fall,atlmac,unit,1700
fall,atlmac,unit,1710
fall,atlmac,unit,1730
fall,atlmac,unit,1750
spring,atlmac,unit,1010
spring,atlmac,unit,1020
spring,atlmac,unit,1030
spring,atlmac,unit,1040
spring,atlmac,unit,1050
spring,atlmac,unit,1060
spring,atlmac,unit,1070
spring,atlmac,unit,1080
spring,atlmac,unit,1090
spring,atlmac,unit,1100
spring,atlmac,unit,1110
spring,atlmac,unit,1120
spring,atlmac,unit,1130
spring,atlmac,unit,1140
spring,atlmac,unit,1150
spring,atlmac,unit,1160
spring,atlmac,unit,1170
spring,atlmac,unit,1180
spring,atlmac,unit,1190
spring,atlmac,unit,1200
spring,atlmac,unit,1210
spring,atlmac,unit,1220
spring,atlmac,unit,1230
spring,atlmac,unit,1240
spring,atlmac,unit,1250
spring,atlmac,unit,1260
spring,atlmac,unit,1270
spring,atlmac,unit,1280
spring,atlmac,unit,1290
spring,atlmac,unit,1300
spring,atlmac,unit,1340
spring,atlmac,unit,1351
spring,atlmac,unit,1360
spring,atlmac,unit,1370
spring,atlmac,unit,1380
spring,atlmac,unit,1390
spring,atlmac,unit,1400
spring,atlmac,unit,1610
spring,atlmac,unit,1620
spring,atlmac,unit,1630
spring,atlmac,unit,1640
spring,atlmac,unit,1650
spring,atlmac,unit,1660
spring,atlmac,unit,1670
spring,atlmac,unit,1680
spring,atlmac,unit,1690
spring,atlmac,unit,1700
spring,atlmac,unit,1710
spring,atlmac,unit,1720
spring,atlmac,unit,1730
spring,atlmac,unit,1740
spring,atlmac,unit,1750
spring,atlmac,unit,1760
fall,atlwol,unit,1090
fall,atlwol,unit,1100
fall,atlwol,unit,1110
fall,atlwol,unit,1120
fall,atlwol,unit,1130
fall,atlwol,unit,1140
fall,atlwol,unit,1150
fall,atlwol,unit,1190
fall,atlwol,unit,1200
fall,atlwol,unit,1230
fall,atlwol,unit,1240
fall,atlwol,unit,1250
fall,atlwol,unit,1260
fall,atlwol,unit,1270
fall,atlwol,unit,1280
fall,atlwol,unit,1370
fall,atlwol,unit,1380
fall,atlwol,unit,1390
fall,atlwol,unit,1400
spring,atlwol,unit,1090
spring,atlwol,unit,1100
spring,atlwol,unit,1110
spring,atlwol,unit,1120
spring,atlwol,unit,1130
spring,atlwol,unit,1140
spring,atlwol,unit,1150
spring,atlwol,unit,1190
spring,atlwol,unit,1200
spring,atlwol,unit,1230
spring,atlwol,unit,1240
spring,atlwol,unit,1250
spring,atlwol,unit,1260
spring,atlwol,unit,1270
spring,atlwol,unit,1280
spring,atlwol,unit,1370
spring,atlwol,unit,1380
spring,atlwol,unit,1390
spring,atlwol,unit,1400
fall,barska,unit,1010
fall,barska,unit,1020
fall,barska,unit,1030
fall,barska,unit,1040
fall,barska,unit,1050
fall,barska,unit,1060
fall,barska,unit,1070
fall,barska,unit,1080
fall,barska,unit,1090
fall,barska,unit,1100
fall,barska,unit,1110
fall,barska,unit,1120
fall,barska,unit,1130
fall,barska,unit,1140
fall,barska,unit,1150
fall,barska,unit,1160
fall,barska,unit,1170
fall,barska,unit,1180
fall,barska,unit,1190
fall,barska,unit,1200
fall,barska,unit,1210
fall,barska,unit,1220
fall,barska,unit,1230
fall,barska,unit,1240
fall,barska,unit,1250
fall,barska,unit,1260
fall,barska,unit,1270
fall,barska,unit,1280
fall,barska,unit,1290
fall,barska,unit,1300
fall,barska,unit,1340
fall,barska,unit,1350
fall,barska,unit,1351
fall,barska,unit,1360
fall,barska,unit,1370
fall,barska,unit,1380
fall,barska,unit,1390
fall,barska,unit,1400
spring,blabas,unit,1010
spring,blabas,unit,1020
spring,blabas,unit,1030
spring,blabas,unit,1040
spring,blabas,unit,1050
spring,blabas,unit,1060
spring,blabas,unit,1070
spring,blabas,unit,1080
spring,blabas,unit,1090
spring,blabas,unit,1100
spring,blabas,unit,1110
spring,blabas,unit,1120
spring,blabas,unit,1250
spring,blabas,unit,1610
spring,blabas,unit,1620
spring,blabas,unit,1630
spring,blabas,unit,1640
spring,blabas,unit,1650
spring,blabas,unit,1660
spring,blabas,unit,1670
spring,blabas,unit,1680
spring,blabas,unit,1690
spring,blabas,unit,1700
spring,blabas,unit,1710
spring,blabas,unit,1720
spring,blabas,unit,1730
spring,blabas,unit,1740
spring,blabas,unit,1750
spring,blabas,unit,1760
winter,blabas,unit,1010
winter,blabas,unit,1020
winter,blabas,unit,1030
winter,blabas,unit,1040
winter,blabas,unit,1050
winter,blabas,unit,1060
winter,blabas,unit,1070
winter,blabas,unit,1100
winter,blabas,unit,1110
winter,blabas,unit,1140
winter,blabas,unit,1220
winter,blabas,unit,1610
winter,blabas,unit,1620
winter,blabas,unit,1630
winter,blabas,unit,1640
winter,blabas,unit,1650
winter,blabas,unit,1660
winter,blabas,unit,1670
winter,blabas,unit,1680
winter,blabas,unit,1690
winter,blabas,unit,1700
winter,blabas,unit,1710
winter,blabas,unit,1720
winter,blabas,unit,1730
winter,blabas,unit,1740
winter,blabas,unit,1750
winter,blabas,unit,1760
winter,blabas,unit,3020
winter,blabas,unit,3030
winter,blabas,unit,3040
winter,blabas,unit,3050
winter,blabas,unit,3060
winter,blabas,unit,3070
winter,blabas,unit,3080
winter,blabas,unit,3090
winter,blabas,unit,3100
winter,blabas,unit,3110
winter,blabas,unit,3120
winter,blabas,unit,3130
winter,blabas,unit,3140
winter,blabas,unit,3150
winter,blabas,unit,3160
winter,blabas,unit,3170
winter,blabas,unit,3180
winter,blabas,unit,3190
winter,blabas,unit,3200
winter,blabas,unit,3210
winter,blabas,unit,3220
winter,blabas,unit,3230
winter,blabas,unit,3240
winter,blabas,unit,3250
winter,blabas,unit,3260
winter,blabas,unit,3270
winter,blabas,unit,3280
winter,blabas,unit,3290
winter,blabas,unit,3300
winter,blabas,unit,3310
winter,blabas,unit,3320
winter,blabas,unit,3330
winter,blabas,unit,3340
winter,blabas,unit,3350
winter,blabas,unit,3360
winter,blabas,unit,3370
winter,blabas,unit,3380
winter,blabas,unit,3390
winter,blabas,unit,3400
winter,blabas,unit,3410
winter,blabas,unit,3420
winter,blabas,unit,3430
winter,blabas,unit,3440
winter,blabas,unit,3450
winter,blabas,unit,3460
fall,bluefi,unit,3020
fall,bluefi,unit,3050
fall,bluefi,unit,3080
fall,bluefi,unit,3110
fall,bluefi,unit,3140
fall,bluefi,unit,3170
fall,bluefi,unit,3200
fall,bluefi,unit,3230
fall,bluefi,unit,3260
fall,bluefi,unit,3290
fall,bluefi,unit,3320
fall,bluefi,unit,3350
fall,bluefi,unit,3380
fall,bluefi,unit,3410
fall,bluefi,unit,3440
fall,bluefi,unit,3450
fall,bluefi,unit,3460
fall,bluher,unit,1010
fall,bluher,unit,1020
fall,bluher,unit,1030
fall,bluher,unit,1040
fall,bluher,unit,1050
fall,bluher,unit,1060
fall,bluher,unit,1070
fall,bluher,unit,1080
fall,bluher,unit,1090
fall,bluher,unit,1100
fall,bluher,unit,1110
fall,bluher,unit,1120
fall,bluher,unit,1130
fall,bluher,unit,1140
fall,bluher,unit,1150
fall,bluher,unit,1160
fall,bluher,unit,1170
fall,bluher,unit,1180
fall,bluher,unit,1190
fall,bluher,unit,1200
fall,bluher,unit,1210
fall,bluher,unit,1220
fall,bluher,unit,1230
fall,bluher,unit,1240
fall,bluher,unit,1250
fall,bluher,unit,1260
fall,bluher,unit,1270
fall,bluher,unit,1280
fall,bluher,unit,1290
fall,bluher,unit,1300
fall,bluher,unit,1340
fall,bluher,unit,1351
fall,bluher,unit,1352
fall,bluher,unit,1360
fall,bluher,unit,1370
fall,bluher,unit,1380
fall,bluher,unit,1390
fall,bluher,unit,1400
fall,bluher,unit,1610
fall,bluher,unit,1620
fall,bluher,unit,1630
fall,bluher,unit,1640
fall,bluher,unit,1650
fall,bluher,unit,1660
fall,bluher,unit,1670
fall,bluher,unit,1680
fall,bluher,unit,1690
fall,bluher,unit,1700
fall,bluher,unit,1710
fall,bluher,unit,1720
fall,bluher,unit,1730
fall,bluher,unit,1740
fall,bluher,unit,1750
fall,bluher,unit,1760
fall,bluher,unit,3020
fall,bluher,unit,3050
fall,bluher,unit,3080
fall,bluher,unit,3110
fall,bluher,unit,3140
fall,bluher,unit,3170
fall,bluher,unit,3200
fall,bluher,unit,3230
fall,bluher,unit,3260
fall,bluher,unit,3290
fall,bluher,unit,3320
fall,bluher,unit,3350
fall,bluher,unit,3380
fall,bluher,unit,3410
fall,bluher,unit,3440
fall,bluher,unit,3450
fall,bluher,unit,3460
fall,bluher,unit,3470
fall,bluher,unit,3480
fall,bluher,unit,3490
fall,bluher,unit,3500
fall,bluher,unit,3510
fall,bluher,unit,3530
fall,bluher,unit,3540
fall,bluher,unit,3560
fall,bluher,unit,3570
fall,bluher,unit,3590
fall,bluher,unit,3600
fall,bluher,unit,3610
fall,bluher,unit,3620
fall,bluher,unit,3640
fall,bluher,unit,3650
fall,bluher,unit,3660
fall,bluher,unit,3670
fall,bluher,unit,3680
fall,bluher,unit,3690
fall,bluher,unit,3700
fall,bluher,unit,3710
fall,bluher,unit,3720
fall,bluher,unit,3730
fall,bluher,unit,3740
fall,bluher,unit,3750
fall,bluher,unit,3760
fall,bluher,unit,3770
fall,bluher,unit,3780
fall,bluher,unit,3790
fall,bluher,unit,3800
fall,bluher,unit,3810
fall,bluher,unit,3820
fall,bluher,unit,3830
fall,bluher,unit,3840
fall,bluher,unit,3850
fall,bluher,unit,3860
fall,bluher,unit,3870
fall,bluher,unit,3880
fall,bluher,unit,3910
fall,bluher,unit,3920
spring,bluher,unit,1010
spring,bluher,unit,1020
spring,bluher,unit,1030
spring,bluher,unit,1040
spring,bluher,unit,1050
spring,bluher,unit,1060
spring,bluher,unit,1070
spring,bluher,unit,1080
spring,bluher,unit,1090
spring,bluher,unit,1100
spring,bluher,unit,1110
spring,bluher,unit,1120
spring,bluher,unit,1130
spring,bluher,unit,1140
spring,bluher,unit,1150
spring,bluher,unit,1160
spring,bluher,unit,1170
spring,bluher,unit,1180
spring,bluher,unit,1190
spring,bluher,unit,1200
spring,bluher,unit,1210
spring,bluher,unit,1220
spring,bluher,unit,1230
spring,bluher,unit,1240
spring,bluher,unit,1250
spring,bluher,unit,1260
spring,bluher,unit,1270
spring,bluher,unit,1280
spring,bluher,unit,1290
spring,bluher,unit,1300
spring,bluher,unit,1340
spring,bluher,unit,1351
spring,bluher,unit,1352
spring,bluher,unit,1360
spring,bluher,unit,1370
spring,bluher,unit,1380
spring,bluher,unit,1390
spring,bluher,unit,1400
spring,bluher,unit,1610
spring,bluher,unit,1620
spring,bluher,unit,1630
spring,bluher,unit,1640
spring,bluher,unit,1650
spring,bluher,unit,1660
spring,bluher,unit,1670
spring,bluher,unit,1680
spring,bluher,unit,1690
spring,bluher,unit,1700
spring,bluher,unit,1710
spring,bluher,unit,1720
spring,bluher,unit,1730
spring,bluher,unit,1740
spring,bluher,unit,1750
spring,bluher,unit,1760
spring,bluher,unit,3020
spring,bluher,unit,3050
spring,bluher,unit,3080
spring,bluher,unit,3110
spring,bluher,unit,3140
spring,bluher,unit,3170
spring,bluher,unit,3200
spring,bluher,unit,3230
spring,bluher,unit,3260
spring,bluher,unit,3290
spring,bluher,unit,3320
spring,bluher,unit,3350
spring,bluher,unit,3380
spring,bluher,unit,3410
spring,bluher,unit,3440
spring,bluher,unit,3450
spring,bluher,unit,3460
spring,bluher,unit,3470
spring,bluher,unit,3480
spring,bluher,unit,3490
spring,bluher,unit,3500
spring,bluher,unit,3510
spring,bluher,unit,3530
spring,bluher,unit,3540
spring,bluher,unit,3560
spring,bluher,unit,3570
spring,bluher,unit,3590
spring,bluher,unit,3600
spring,bluher,unit,3610
spring,bluher,unit,3620
spring,bluher,unit,3640
spring,bluher,unit,3650
spring,bluher,unit,3660
spring,bluher,unit,3670
spring,bluher,unit,3680
spring,bluher,unit,3690
spring,bluher,unit,3700
spring,bluher,unit,3710
spring,bluher,unit,3720
spring,bluher,unit,3730
spring,bluher,unit,3740
spring,bluher,unit,3750
spring,bluher,unit,3760
spring,bluher,unit,3770
spring,bluher,unit,3780
spring,bluher,unit,3790
spring,bluher,unit,3800
spring,bluher,unit,3810
spring,bluher,unit,3820
spring,bluher,unit,3830
spring,bluher,unit,3840
spring,bluher,unit,3850
spring,bluher,unit,3860
spring,bluher,unit,3870
spring,bluher,unit,3880
spring,bluher,unit,3910
spring,bluher,unit,3920
fall,butter,unit,3
fall,butter,unit,1010
fall,butter,unit,1010
fall,butter,unit,1020
fall,butter,unit,1020
fall,butter,unit,1030
fall,butter,unit,1030
fall,butter,unit,1040
fall,butter,unit,1040
fall,butter,unit,1050
fall,butter,unit,1050
fall,butter,unit,1060
fall,butter,unit,1060
fall,butter,unit,1070
fall,butter,unit,1070
fall,butter,unit,1080
fall,butter,unit,1080
fall,butter,unit,1090
fall,butter,unit,1090
fall,butter,unit,1100
fall,butter,unit,1100
fall,butter,unit,1110
fall,butter,unit,1110
fall,butter,unit,1120
fall,butter,unit,1120
fall,butter,unit,1130
fall,butter,unit,1130
fall,butter,unit,1140
fall,butter,unit,1140
fall,butter,unit,1160
fall,butter,unit,1160
fall,butter,unit,1190
fall,butter,unit,1190
fall,butter,unit,1200
fall,butter,unit,1200
fall,butter,unit,1230
fall,butter,unit,1230
fall,butter,unit,1250
fall,butter,unit,1250
fall,butter,unit,1610
fall,butter,unit,1610
fall,butter,unit,1620
fall,butter,unit,1620
fall,butter,unit,1630
fall,butter,unit,1630
fall,butter,unit,1640
fall,butter,unit,1640
fall,butter,unit,1650
fall,butter,unit,1650
fall,butter,unit,1660
fall,butter,unit,1660
fall,butter,unit,1670
fall,butter,unit,1670
fall,butter,unit,1680
fall,butter,unit,1680
fall,butter,unit,1690
fall,butter,unit,1690
fall,butter,unit,1700
fall,butter,unit,1700
fall,butter,unit,1710
fall,butter,unit,1710
fall,butter,unit,1720
fall,butter,unit,1720
fall,butter,unit,1730
fall,butter,unit,1730
fall,butter,unit,1740
fall,butter,unit,1740
fall,butter,unit,1750
fall,butter,unit,1750
fall,butter,unit,1760
fall,butter,unit,1760
fall,butter,unit,3020
fall,butter,unit,3020
fall,butter,unit,3050
fall,butter,unit,3050
fall,butter,unit,3080
fall,butter,unit,3080
fall,butter,unit,3110
fall,butter,unit,3110
fall,butter,unit,3140
fall,butter,unit,3140
fall,butter,unit,3170
fall,butter,unit,3170
fall,butter,unit,3200
fall,butter,unit,3200
fall,butter,unit,3230
fall,butter,unit,3230
fall,butter,unit,3260
fall,butter,unit,3260
fall,butter,unit,3290
fall,butter,unit,3290
fall,butter,unit,3320
fall,butter,unit,3320
fall,butter,unit,3350
fall,butter,unit,3350
fall,butter,unit,3380
fall,butter,unit,3380
fall,butter,unit,3410
fall,butter,unit,3410
fall,butter,unit,3440
fall,butter,unit,3440
fall,butter,unit,3450
fall,butter,unit,3450
fall,butter,unit,3460
fall,butter,unit,3460
fall,butter,unit,3560
fall,butter,unit,3560
fall,butter,unit,3590
fall,butter,unit,3590
fall,butter,unit,3600
fall,butter,unit,3600
fall,butter,unit,3610
fall,butter,unit,3610
fall,butter,unit,3640
fall,butter,unit,3640
fall,cleska,unit,1610
fall,cleska,unit,1620
fall,cleska,unit,1630
fall,cleska,unit,1640
fall,cleska,unit,1650
fall,cleska,unit,1660
fall,cleska,unit,1670
fall,cleska,unit,1680
fall,cleska,unit,1690
fall,cleska,unit,1700
fall,cleska,unit,1710
fall,cleska,unit,1720
fall,cleska,unit,1730
fall,cleska,unit,1740
fall,cleska,unit,1750
fall,cleska,unit,1760
fall,cleska,unit,3170
fall,cleska,unit,3200
fall,cleska,unit,3230
fall,cleska,unit,3260
fall,cleska,unit,3290
fall,cleska,unit,3320
fall,cleska,unit,3350
fall,cleska,unit,3380
fall,cleska,unit,3410
fall,cleska,unit,3440
fall,haddoc,gbk,1130
fall,haddoc,gbk,1140
fall,haddoc,gbk,1150
fall,haddoc,gbk,1160
fall,haddoc,gbk,1170
fall,haddoc,gbk,1180
fall,haddoc,gbk,1190
fall,haddoc,gbk,1200
fall,haddoc,gbk,1210
fall,haddoc,gbk,1220
fall,haddoc,gbk,1230
fall,haddoc,gbk,1240
fall,haddoc,gbk,1250
fall,haddoc,gom,1260
fall,haddoc,gom,1270
fall,haddoc,gom,1280
fall,haddoc,gbk,1290
fall,haddoc,gbk,1300
fall,haddoc,gom,1360
fall,haddoc,gom,1370
fall,haddoc,gom,1380
fall,haddoc,gom,1390
fall,haddoc,gom,1400
spring,haddoc,gbk,1130
spring,haddoc,gbk,1140
spring,haddoc,gbk,1150
spring,haddoc,gbk,1160
spring,haddoc,gbk,1170
spring,haddoc,gbk,1180
spring,haddoc,gbk,1190
spring,haddoc,gbk,1200
spring,haddoc,gbk,1210
spring,haddoc,gbk,1220
spring,haddoc,gbk,1230
spring,haddoc,gbk,1240
spring,haddoc,gbk,1250
spring,haddoc,gom,1260
spring,haddoc,gom,1270
spring,haddoc,gom,1280
spring,haddoc,gbk,1290
spring,haddoc,gbk,1300
spring,haddoc,gom,1360
spring,haddoc,gom,1370
spring,haddoc,gom,1380
spring,haddoc,gom,1390
spring,haddoc,gom,1400
spring,litska,unit,1010
spring,litska,unit,1020
spring,litska,unit,1030
spring,litska,unit,1040
spring,litska,unit,1050
spring,litska,unit,1060
spring,litska,unit,1070
spring,litska,unit,1080
spring,litska,unit,1090
spring,litska,unit,1100
spring,litska,unit,1110
spring,litska,unit,1120
spring,litska,unit,1130
spring,litska,unit,1140
spring,litska,unit,1150
spring,litska,unit,1160
spring,litska,unit,1170
spring,litska,unit,1180
spring,litska,unit,1190
spring,litska,unit,1200
spring,litska,unit,1210
spring,litska,unit,1220
spring,litska,unit,1230
spring,litska,unit,1240
spring,litska,unit,1250
spring,litska,unit,1260
spring,litska,unit,1270
spring,litska,unit,1280
spring,litska,unit,1290
spring,litska,unit,1300
spring,litska,unit,1340
spring,litska,unit,1350
spring,litska,unit,1351
spring,litska,unit,1360
spring,litska,unit,1370
spring,litska,unit,1380
spring,litska,unit,1390
spring,litska,unit,1400
spring,litska,unit,1610
spring,litska,unit,1620
spring,litska,unit,1630
spring,litska,unit,1640
spring,litska,unit,1650
spring,litska,unit,1660
spring,litska,unit,1670
spring,litska,unit,1680
spring,litska,unit,1690
spring,litska,unit,1700
spring,litska,unit,1710
spring,litska,unit,1720
spring,litska,unit,1730
spring,litska,unit,1740
spring,litska,unit,1750
spring,litska,unit,1760
spring,litska,unit,3020
spring,litska,unit,3050
spring,litska,unit,3080
spring,litska,unit,3110
spring,litska,unit,3140
spring,litska,unit,3170
spring,litska,unit,3200
spring,litska,unit,3230
spring,litska,unit,3260
spring,litska,unit,3290
spring,litska,unit,3320
spring,litska,unit,3350
spring,litska,unit,3380
spring,litska,unit,3410
spring,litska,unit,3440
spring,litska,unit,3560
spring,litska,unit,3590
spring,litska,unit,3600
spring,litska,unit,3610
spring,litska,unit,3640
spring,litska,unit,3650
spring,litska,unit,3660
fall,monkfh,south,1010
fall,monkfh,south,1020
fall,monkfh,south,1030
fall,monkfh,south,1040
fall,monkfh,south,1050
fall,monkfh,south,1060
fall,monkfh,south,1070
fall,monkfh,south,1080
fall,monkfh,south,1090
fall,monkfh,south,1100
fall,monkfh,south,1110
fall,monkfh,south,1120
fall,monkfh,south,1130
fall,monkfh,south,1140
fall,monkfh,south,1150
fall,monkfh,south,1160
fall,monkfh,south,1170
fall,monkfh,south,1180
fall,monkfh,south,1190
fall,monkfh,north,1200
fall,monkfh,north,1210
fall,monkfh,north,1220
fall,monkfh,north,1230
fall,monkfh,north,1240
fall,monkfh,north,1250
fall,monkfh,north,1260
fall,monkfh,north,1270
fall,monkfh,north,1280
fall,monkfh,north,1290
fall,monkfh,north,1300
fall,monkfh,north,1340
fall,monkfh,north,1350
fall,monkfh,north,1351
fall,monkfh,north,1360
fall,monkfh,north,1370
fall,monkfh,north,1380
fall,monkfh,north,1390
fall,monkfh,north,1400
fall,monkfh,south,1610
fall,monkfh,south,1620
fall,monkfh,south,1630
fall,monkfh,south,1640
fall,monkfh,south,1650
fall,monkfh,south,1660
fall,monkfh,south,1670
fall,monkfh,south,1680
fall,monkfh,south,1690
fall,monkfh,south,1700
fall,monkfh,south,1710
fall,monkfh,south,1720
fall,monkfh,south,1730
fall,monkfh,south,1740
fall,monkfh,south,1750
fall,monkfh,south,1760
spring,monkfh,south,1010
spring,monkfh,south,1020
spring,monkfh,south,1030
spring,monkfh,south,1040
spring,monkfh,south,1050
spring,monkfh,south,1060
spring,monkfh,south,1070
spring,monkfh,south,1080
spring,monkfh,south,1090
spring,monkfh,south,1100
spring,monkfh,south,1110
spring,monkfh,south,1120
spring,monkfh,south,1130
spring,monkfh,south,1140
spring,monkfh,south,1150
spring,monkfh,south,1160
spring,monkfh,south,1170
spring,monkfh,south,1180
spring,monkfh,south,1190
spring,monkfh,north,1200
spring,monkfh,north,1210
spring,monkfh,north,1220
spring,monkfh,north,1230
spring,monkfh,north,1240
spring,monkfh,north,1250
spring,monkfh,north,1260
spring,monkfh,north,1270
spring,monkfh,north,1280
spring,monkfh,north,1290
spring,monkfh,north,1300
spring,monkfh,north,1340
spring,monkfh,north,1350
spring,monkfh,north,1351
spring,monkfh,north,1360
spring,monkfh,north,1370
spring,monkfh,north,1380
spring,monkfh,north,1390
spring,monkfh,north,1400
spring,monkfh,south,1610
spring,monkfh,south,1620
spring,monkfh,south,1630
spring,monkfh,south,1640
spring,monkfh,south,1650
spring,monkfh,south,1660
spring,monkfh,south,1670
spring,monkfh,south,1680
spring,monkfh,south,1690
spring,monkfh,south,1700
spring,monkfh,south,1710
spring,monkfh,south,1720
spring,monkfh,south,1730
spring,monkfh,south,1740
spring,monkfh,south,1750
spring,monkfh,south,1760
winter,monkfh,south,1010
winter,monkfh,south,1020
winter,monkfh,south,1030
winter,monkfh,south,1040
winter,monkfh,south,1050
winter,monkfh,south,1060
winter,monkfh,south,1070
winter,monkfh,south,1080
winter,monkfh,south,1090
winter,monkfh,south,1100
winter,monkfh,south,1110
winter,monkfh,south,1120
winter,monkfh,south,1130
winter,monkfh,south,1140
winter,monkfh,south,1150
winter,monkfh,south,1160
winter,monkfh,south,1170
winter,monkfh,south,1180
winter,monkfh,south,1190
winter,monkfh,south,1610
winter,monkfh,south,1620
winter,monkfh,south,1630
winter,monkfh,south,1640
winter,monkfh,south,1650
winter,monkfh,south,1660
winter,monkfh,south,1670
winter,monkfh,south,1680
winter,monkfh,south,1690
winter,monkfh,south,1700
winter,monkfh,south,1710
winter,monkfh,south,1720
winter,monkfh,south,1730
winter,monkfh,south,1740
winter,monkfh,south,1750
winter,monkfh,south,1760
spring,ocpout,unit,1010
spring,ocpout,unit,1020
spring,ocpout,unit,1030
spring,ocpout,unit,1040
spring,ocpout,unit,1050
spring,ocpout,unit,1060
spring,ocpout,unit,1070
spring,ocpout,unit,1080
spring,ocpout,unit,1090
spring,ocpout,unit,1100
spring,ocpout,unit,1110
spring,ocpout,unit,1120
spring,ocpout,unit,1130
spring,ocpout,unit,1140
spring,ocpout,unit,1150
spring,ocpout,unit,1160
spring,ocpout,unit,1170
spring,ocpout,unit,1180
spring,ocpout,unit,1190
spring,ocpout,unit,1200
spring,ocpout,unit,1210
spring,ocpout,unit,1220
spring,ocpout,unit,1230
spring,ocpout,unit,1240
spring,ocpout,unit,1250
spring,ocpout,unit,1260
spring,ocpout,unit,1730
spring,ocpout,unit,1740
spring,ocpout,unit,1750
spring,ocpout,unit,1760
winter,ocpout,unit,1010
winter,ocpout,unit,1020
winter,ocpout,unit,1030
winter,ocpout,unit,1050
winter,ocpout,unit,1060
winter,ocpout,unit,1070
winter,ocpout,unit,1090
winter,ocpout,unit,1100
winter,ocpout,unit,1110
winter,ocpout,unit,1130
winter,ocpout,unit,1140
winter,ocpout,unit,1730
winter,ocpout,unit,1740
winter,ocpout,unit,1750
fall,offhak,unit,1030
fall,offhak,unit,1040
fall,offhak,unit,1070
fall,offhak,unit,1080
fall,offhak,unit,1110
fall,offhak,unit,1120
fall,offhak,unit,1140
fall,offhak,unit,1150
fall,offhak,unit,1170
fall,offhak,unit,1180
fall,offhak,unit,1630
fall,offhak,unit,1640
fall,offhak,unit,1670
fall,offhak,unit,1680
fall,offhak,unit,1710
fall,offhak,unit,1720
fall,offhak,unit,1750
fall,offhak,unit,1760
spring,offhak,unit,1030
spring,offhak,unit,1040
spring,offhak,unit,1070
spring,offhak,unit,1080
spring,offhak,unit,1110
spring,offhak,unit,1120
spring,offhak,unit,1140
spring,offhak,unit,1150
spring,offhak,unit,1170
spring,offhak,unit,1180
spring,offhak,unit,1630
spring,offhak,unit,1640
spring,offhak,unit,1670
spring,offhak,unit,1680
spring,offhak,unit,1710
spring,offhak,unit,1720
spring,offhak,unit,1750
spring,offhak,unit,1760
fall,polloc,unit,1130
fall,polloc,unit,1140
fall,polloc,unit,1150
fall,polloc,unit,1160
fall,polloc,unit,1170
fall,polloc,unit,1180
fall,polloc,unit,1190
fall,polloc,unit,1200
fall,polloc,unit,1210
fall,polloc,unit,1220
fall,polloc,unit,1230
fall,polloc,unit,1240
fall,polloc,unit,1250
fall,polloc,unit,1260
fall,polloc,unit,1270
fall,polloc,unit,1280
fall,polloc,unit,1290
fall,polloc,unit,1300
fall,polloc,unit,1360
fall,polloc,unit,1370
fall,polloc,unit,1380
fall,polloc,unit,1390
fall,polloc,unit,1400
spring,polloc,unit,1130
spring,polloc,unit,1140
spring,polloc,unit,1150
spring,polloc,unit,1160
spring,polloc,unit,1170
spring,polloc,unit,1180
spring,polloc,unit,1190
spring,polloc,unit,1200
spring,polloc,unit,1210
spring,polloc,unit,1220
spring,polloc,unit,1230
spring,polloc,unit,1240
spring,polloc,unit,1250
spring,polloc,unit,1260
spring,polloc,unit,1270
spring,polloc,unit,1280
spring,polloc,unit,1290
spring,polloc,unit,1300
spring,polloc,unit,1360
spring,polloc,unit,1370
spring,polloc,unit,1380
spring,polloc,unit,1390
spring,polloc,unit,1400
fall,redhak,south,1010
fall,redhak,south,1020
fall,redhak,south,1030
fall,redhak,south,1040
fall,redhak,south,1050
fall,redhak,south,1060
fall,redhak,south,1070
fall,redhak,south,1080
fall,redhak,south,1090
fall,redhak,south,1100
fall,redhak,south,1110
fall,redhak,south,1120
fall,redhak,south,1130
fall,redhak,south,1140
fall,redhak,south,1150
fall,redhak,south,1160
fall,redhak,south,1170
fall,redhak,south,1180
fall,redhak,south,1190
fall,redhak,north,1200
fall,redhak,north,1210
fall,redhak,north,1220
fall,redhak,north,1230
fall,redhak,north,1240
fall,redhak,north,1250
fall,redhak,north,1260
fall,redhak,north,1270
fall,redhak,north,1280
fall,redhak,north,1290
fall,redhak,north,1300
fall,redhak,north,1360
fall,redhak,north,1370
fall,redhak,north,1380
fall,redhak,north,1390
fall,redhak,north,1400
fall,redhak,south,1610
fall,redhak,south,1620
fall,redhak,south,1630
fall,redhak,south,1640
fall,redhak,south,1650
fall,redhak,south,1660
fall,redhak,south,1670
fall,redhak,south,1680
fall,redhak,south,1690
fall,redhak,south,1700
fall,redhak,south,1710
fall,redhak,south,1720
fall,redhak,south,1730
fall,redhak,south,1740
fall,redhak,south,1750
fall,redhak,south,1760
spring,redhak,south,1010
spring,redhak,south,1020
spring,redhak,south,1030
spring,redhak,south,1040
spring,redhak,south,1050
spring,redhak,south,1060
spring,redhak,south,1070
spring,redhak,south,1080
spring,redhak,south,1090
spring,redhak,south,1100
spring,redhak,south,1110
spring,redhak,south,1120
spring,redhak,south,1130
spring,redhak,south,1140
spring,redhak,south,1150
spring,redhak,south,1160
spring,redhak,south,1170
spring,redhak,south,1180
spring,redhak,south,1190
spring,redhak,north,1200
spring,redhak,north,1210
spring,redhak,north,1220
spring,redhak,north,1230
spring,redhak,north,1240
spring,redhak,north,1250
spring,redhak,north,1260
spring,redhak,north,1270
spring,redhak,north,1280
spring,redhak,north,1290
spring,redhak,north,1300
spring,redhak,north,1360
spring,redhak,north,1370
spring,redhak,north,1380
spring,redhak,north,1390
spring,redhak,north,1400
spring,redhak,south,1610
spring,redhak,south,1620
spring,redhak,south,1630
spring,redhak,south,1640
spring,redhak,south,1650
spring,redhak,south,1660
spring,redhak,south,1670
spring,redhak,south,1680
spring,redhak,south,1690
spring,redhak,south,1700
spring,redhak,south,1710
spring,redhak,south,1720
spring,redhak,south,1730
spring,redhak,south,1740
spring,redhak,south,1750
spring,redhak,south,1760
fall,rosska,unit,1610
fall,rosska,unit,1620
fall,rosska,unit,1630
fall,rosska,unit,1640
fall,rosska,unit,1650
fall,rosska,unit,1660
fall,rosska,unit,1670
fall,rosska,unit,1680
fall,rosska,unit,1690
fall,rosska,unit,1700
fall,rosska,unit,1710
fall,rosska,unit,1720
fall,rosska,unit,1730
fall,rosska,unit,1740
fall,rosska,unit,1750
fall,rosska,unit,1760
fall,scupzz,unit,1010
fall,scupzz,unit,1020
fall,scupzz,unit,1030
fall,scupzz,unit,1040
fall,scupzz,unit,1050
fall,scupzz,unit,1060
fall,scupzz,unit,1070
fall,scupzz,unit,1080
fall,scupzz,unit,1090
fall,scupzz,unit,1100
fall,scupzz,unit,1110
fall,scupzz,unit,1120
fall,scupzz,unit,1230
fall,scupzz,unit,1250
fall,scupzz,unit,1610
fall,scupzz,unit,1620
fall,scupzz,unit,1630
fall,scupzz,unit,1640
fall,scupzz,unit,1650
fall,scupzz,unit,1660
fall,scupzz,unit,1670
fall,scupzz,unit,1680
fall,scupzz,unit,1690
fall,scupzz,unit,1700
fall,scupzz,unit,1710
fall,scupzz,unit,1720
fall,scupzz,unit,1730
fall,scupzz,unit,1740
fall,scupzz,unit,1750
fall,scupzz,unit,1760
fall,scupzz,unit,3010
fall,scupzz,unit,3020
fall,scupzz,unit,3030
fall,scupzz,unit,3040
fall,scupzz,unit,3050
fall,scupzz,unit,3060
fall,scupzz,unit,3070
fall,scupzz,unit,3080
fall,scupzz,unit,3090
fall,scupzz,unit,3100
fall,scupzz,unit,3110
fall,scupzz,unit,3120
fall,scupzz,unit,3130
fall,scupzz,unit,3140
fall,scupzz,unit,3150
fall,scupzz,unit,3160
fall,scupzz,unit,3170
fall,scupzz,unit,3180
fall,scupzz,unit,3190
fall,scupzz,unit,3200
fall,scupzz,unit,3210
fall,scupzz,unit,3220
fall,scupzz,unit,3230
fall,scupzz,unit,3240
fall,scupzz,unit,3250
fall,scupzz,unit,3260
fall,scupzz,unit,3270
fall,scupzz,unit,3280
fall,scupzz,unit,3290
fall,scupzz,unit,3300
fall,scupzz,unit,3310
fall,scupzz,unit,3320
fall,scupzz,unit,3330
fall,scupzz,unit,3340
fall,scupzz,unit,3350
fall,scupzz,unit,3360
fall,scupzz,unit,3370
fall,scupzz,unit,3380
fall,scupzz,unit,3390
fall,scupzz,unit,3400
fall,scupzz,unit,3410
fall,scupzz,unit,3420
fall,scupzz,unit,3430
fall,scupzz,unit,3440
fall,scupzz,unit,3450
fall,scupzz,unit,3460
fall,scupzz,unit,3470
fall,scupzz,unit,3480
fall,scupzz,unit,3490
fall,scupzz,unit,3500
fall,scupzz,unit,3510
fall,scupzz,unit,3520
fall,scupzz,unit,3530
fall,scupzz,unit,3540
fall,scupzz,unit,3550
fall,scupzz,unit,3560
fall,scupzz,unit,3570
fall,scupzz,unit,3580
fall,scupzz,unit,3590
fall,scupzz,unit,3600
fall,scupzz,unit,3610
spring,scupzz,unit,1010
spring,scupzz,unit,1020
spring,scupzz,unit,1030
spring,scupzz,unit,1040
spring,scupzz,unit,1050
spring,scupzz,unit,1060
spring,scupzz,unit,1070
spring,scupzz,unit,1080
spring,scupzz,unit,1090
spring,scupzz,unit,1100
spring,scupzz,unit,1110
spring,scupzz,unit,1120
spring,scupzz,unit,1230
spring,scupzz,unit,1250
spring,scupzz,unit,1610
spring,scupzz,unit,1620
spring,scupzz,unit,1630
spring,scupzz,unit,1640
spring,scupzz,unit,1650
spring,scupzz,unit,1660
spring,scupzz,unit,1670
spring,scupzz,unit,1680
spring,scupzz,unit,1690
spring,scupzz,unit,1700
spring,scupzz,unit,1710
spring,scupzz,unit,1720
spring,scupzz,unit,1730
spring,scupzz,unit,1740
spring,scupzz,unit,1750
spring,scupzz,unit,1760
winter,scupzz,unit,1010
winter,scupzz,unit,1020
winter,scupzz,unit,1030
winter,scupzz,unit,1050
winter,scupzz,unit,1060
winter,scupzz,unit,1070
winter,scupzz,unit,1090
winter,scupzz,unit,1100
winter,scupzz,unit,1110
winter,scupzz,unit,1130
winter,scupzz,unit,1140
winter,scupzz,unit,1160
winter,scupzz,unit,1170
winter,scupzz,unit,1610
winter,scupzz,unit,1620
winter,scupzz,unit,1630
winter,scupzz,unit,1650
winter,scupzz,unit,1660
winter,scupzz,unit,1670
winter,scupzz,unit,1690
winter,scupzz,unit,1700
winter,scupzz,unit,1710
winter,scupzz,unit,1730
winter,scupzz,unit,1740
winter,scupzz,unit,1750
fall,silhak,south,1010
fall,silhak,south,1020
fall,silhak,south,1030
fall,silhak,south,1040
fall,silhak,south,1050
fall,silhak,south,1060
fall,silhak,south,1070
fall,silhak,south,1080
fall,silhak,south,1090
fall,silhak,south,1100
fall,silhak,south,1110
fall,silhak,south,1120
fall,silhak,south,1130
fall,silhak,south,1140
fall,silhak,south,1150
fall,silhak,south,1160
fall,silhak,south,1170
fall,silhak,south,1180
fall,silhak,south,1190
fall,silhak,north,1200
fall,silhak,north,1210
fall,silhak,north,1220
fall,silhak,north,1230
fall,silhak,north,1240
fall,silhak,north,1250
fall,silhak,north,1260
fall,silhak,north,1270
fall,silhak,north,1280
fall,silhak,north,1290
fall,silhak,north,1300
fall,silhak,north,1360
fall,silhak,north,1370
fall,silhak,north,1380
fall,silhak,north,1390
fall,silhak,north,1400
fall,silhak,south,1610
fall,silhak,south,1620
fall,silhak,south,1630
fall,silhak,south,1640
fall,silhak,south,1650
fall,silhak,south,1660
fall,silhak,south,1670
fall,silhak,south,1680
fall,silhak,south,1690
fall,silhak,south,1700
fall,silhak,south,1710
fall,silhak,south,1720
fall,silhak,south,1730
fall,silhak,south,1740
fall,silhak,south,1750
fall,silhak,south,1760
spring,silhak,south,1010
spring,silhak,south,1020
spring,silhak,south,1030
spring,silhak,south,1040
spring,silhak,south,1050
spring,silhak,south,1060
spring,silhak,south,1070
spring,silhak,south,1080
spring,silhak,south,1090
spring,silhak,south,1100
spring,silhak,south,1110
spring,silhak,south,1120
spring,silhak,south,1130
spring,silhak,south,1140
spring,silhak,south,1150
spring,silhak,south,1160
spring,silhak,south,1170
spring,silhak,south,1180
spring,silhak,south,1190
spring,silhak,north,1200
spring,silhak,north,1210
spring,silhak,north,1220
spring,silhak,north,1230
spring,silhak,north,1240
spring,silhak,north,1250
spring,silhak,north,1260
spring,silhak,north,1270
spring,silhak,north,1280
spring,silhak,north,1290
spring,silhak,north,1300
spring,silhak,north,1360
spring,silhak,north,1370
spring,silhak,north,1380
spring,silhak,north,1390
spring,silhak,north,1400
spring,silhak,south,1610
spring,silhak,south,1620
spring,silhak,south,1630
spring,silhak,south,1640
spring,silhak,south,1650
spring,silhak,south,1660
spring,silhak,south,1670
spring,silhak,south,1680
spring,silhak,south,1690
spring,silhak,south,1700
spring,silhak,south,1710
spring,silhak,south,1720
spring,silhak,south,1730
spring,silhak,south,1740
spring,silhak,south,1750
spring,silhak,south,1760
fall,smodog,unit,1010
fall,smodog,unit,1020
fall,smodog,unit,1030
fall,smodog,unit,1040
fall,smodog,unit,1050
fall,smodog,unit,1060
fall,smodog,unit,1070
fall,smodog,unit,1080
fall,smodog,unit,1090
fall,smodog,unit,1100
fall,smodog,unit,1110
fall,smodog,unit,1120
fall,smodog,unit,1130
fall,smodog,unit,1140
fall,smodog,unit,1150
fall,smodog,unit,1160
fall,smodog,unit,1170
fall,smodog,unit,1180
fall,smodog,unit,1190
fall,smodog,unit,1200
fall,smodog,unit,1210
fall,smodog,unit,1220
fall,smodog,unit,1230
fall,smodog,unit,1240
fall,smodog,unit,1250
fall,smodog,unit,1610
fall,smodog,unit,1620
fall,smodog,unit,1630
fall,smodog,unit,1640
fall,smodog,unit,1650
fall,smodog,unit,1660
fall,smodog,unit,1670
fall,smodog,unit,1680
fall,smodog,unit,1690
fall,smodog,unit,1700
fall,smodog,unit,1710
fall,smodog,unit,1720
fall,smodog,unit,1730
fall,smodog,unit,1740
fall,smodog,unit,1750
fall,smodog,unit,1760
fall,smodog,unit,3020
fall,smodog,unit,3050
fall,smodog,unit,3080
fall,smodog,unit,3110
fall,smodog,unit,3140
fall,smodog,unit,3170
fall,smodog,unit,3200
fall,smodog,unit,3230
fall,smodog,unit,3260
fall,smodog,unit,3290
fall,smodog,unit,3320
fall,smodog,unit,3350
fall,smodog,unit,3380
fall,smodog,unit,3410
fall,smodog,unit,3440
fall,smodog,unit,3450
fall,smodog,unit,3460
fall,smodog,unit,3550
fall,smoska,unit,1010
fall,smoska,unit,1020
fall,smoska,unit,1030
fall,smoska,unit,1040
fall,smoska,unit,1050
fall,smoska,unit,1060
fall,smoska,unit,1070
fall,smoska,unit,1080
fall,smoska,unit,1090
fall,smoska,unit,1100
fall,smoska,unit,1110
fall,smoska,unit,1120
fall,smoska,unit,1130
fall,smoska,unit,1140
fall,smoska,unit,1150
fall,smoska,unit,1160
fall,smoska,unit,1170
fall,smoska,unit,1180
fall,smoska,unit,1190
fall,smoska,unit,1200
fall,smoska,unit,1210
fall,smoska,unit,1220
fall,smoska,unit,1230
fall,smoska,unit,1240
fall,smoska,unit,1250
fall,smoska,unit,1260
fall,smoska,unit,1270
fall,smoska,unit,1280
fall,smoska,unit,1290
fall,smoska,unit,1300
fall,smoska,unit,1340
fall,smoska,unit,1350
fall,smoska,unit,1351
fall,smoska,unit,1360
fall,smoska,unit,1370
fall,smoska,unit,1380
fall,smoska,unit,1390
fall,smoska,unit,1400
spring,spidog,unit,1010
spring,spidog,unit,1020
spring,spidog,unit,1030
spring,spidog,unit,1040
spring,spidog,unit,1050
spring,spidog,unit,1060
spring,spidog,unit,1070
spring,spidog,unit,1080
spring,spidog,unit,1090
spring,spidog,unit,1100
spring,spidog,unit,1110
spring,spidog,unit,1120
spring,spidog,unit,1130
spring,spidog,unit,1140
spring,spidog,unit,1150
spring,spidog,unit,1160
spring,spidog,unit,1170
spring,spidog,unit,1180
spring,spidog,unit,1190
spring,spidog,unit,1200
spring,spidog,unit,1210
spring,spidog,unit,1220
spring,spidog,unit,1230
spring,spidog,unit,1240
spring,spidog,unit,1250
spring,spidog,unit,1260
spring,spidog,unit,1270
spring,spidog,unit,1280
spring,spidog,unit,1290
spring,spidog,unit,1300
spring,spidog,unit,1340
spring,spidog,unit,1350
spring,spidog,unit,1351
spring,spidog,unit,1360
spring,spidog,unit,1370
spring,spidog,unit,1380
spring,spidog,unit,1390
spring,spidog,unit,1400
spring,spidog,unit,1610
spring,spidog,unit,1620
spring,spidog,unit,1630
spring,spidog,unit,1640
spring,spidog,unit,1650
spring,spidog,unit,1660
spring,spidog,unit,1670
spring,spidog,unit,1680
spring,spidog,unit,1690
spring,spidog,unit,1700
spring,spidog,unit,1710
spring,spidog,unit,1720
spring,spidog,unit,1730
spring,spidog,unit,1740
spring,spidog,unit,1750
spring,spidog,unit,1760
fall,sumflo,unit,1010
fall,sumflo,unit,1050
fall,sumflo,unit,1090
fall,sumflo,unit,1610
fall,sumflo,unit,1650
fall,sumflo,unit,1690
fall,sumflo,unit,1730
fall,sumflo,unit,3010
fall,sumflo,unit,3020
fall,sumflo,unit,3030
fall,sumflo,unit,3040
fall,sumflo,unit,3050
fall,sumflo,unit,3060
fall,sumflo,unit,3070
fall,sumflo,unit,3080
fall,sumflo,unit,3090
fall,sumflo,unit,3100
fall,sumflo,unit,3110
fall,sumflo,unit,3120
fall,sumflo,unit,3130
fall,sumflo,unit,3140
fall,sumflo,unit,3150
fall,sumflo,unit,3160
fall,sumflo,unit,3170
fall,sumflo,unit,3180
fall,sumflo,unit,3190
fall,sumflo,unit,3200
fall,sumflo,unit,3210
fall,sumflo,unit,3220
fall,sumflo,unit,3230
fall,sumflo,unit,3240
fall,sumflo,unit,3250
fall,sumflo,unit,3260
fall,sumflo,unit,3270
fall,sumflo,unit,3280
fall,sumflo,unit,3290
fall,sumflo,unit,3300
fall,sumflo,unit,3310
fall,sumflo,unit,3320
fall,sumflo,unit,3330
fall,sumflo,unit,3340
fall,sumflo,unit,3350
fall,sumflo,unit,3360
fall,sumflo,unit,3370
fall,sumflo,unit,3380
fall,sumflo,unit,3390
fall,sumflo,unit,3400
fall,sumflo,unit,3410
fall,sumflo,unit,3420
fall,sumflo,unit,3430
fall,sumflo,unit,3440
fall,sumflo,unit,3450
fall,sumflo,unit,3460
fall,sumflo,unit,3470
fall,sumflo,unit,3480
fall,sumflo,unit,3490
fall,sumflo,unit,3500
fall,sumflo,unit,3510
fall,sumflo,unit,3520
fall,sumflo,unit,3530
fall,sumflo,unit,3540
fall,sumflo,unit,3550
fall,sumflo,unit,3560
fall,sumflo,unit,3570
fall,sumflo,unit,3580
fall,sumflo,unit,3590
fall,sumflo,unit,3600
fall,sumflo,unit,3610
spring,sumflo,unit,1010
spring,sumflo,unit,1020
spring,sumflo,unit,1030
spring,sumflo,unit,1040
spring,sumflo,unit,1050
spring,sumflo,unit,1060
spring,sumflo,unit,1070
spring,sumflo,unit,1080
spring,sumflo,unit,1090
spring,sumflo,unit,1100
spring,sumflo,unit,1110
spring,sumflo,unit,1120
spring,sumflo,unit,1610
spring,sumflo,unit,1620
spring,sumflo,unit,1630
spring,sumflo,unit,1640
spring,sumflo,unit,1650
spring,sumflo,unit,1660
spring,sumflo,unit,1670
spring,sumflo,unit,1680
spring,sumflo,unit,1690
spring,sumflo,unit,1700
spring,sumflo,unit,1710
spring,sumflo,unit,1720
spring,sumflo,unit,1730
spring,sumflo,unit,1740
spring,sumflo,unit,1750
spring,sumflo,unit,1760
winter,sumflo,unit,1010
winter,sumflo,unit,1020
winter,sumflo,unit,1030
winter,sumflo,unit,1050
winter,sumflo,unit,1060
winter,sumflo,unit,1070
winter,sumflo,unit,1090
winter,sumflo,unit,1100
winter,sumflo,unit,1110
winter,sumflo,unit,1130
winter,sumflo,unit,1140
winter,sumflo,unit,1160
winter,sumflo,unit,1170
winter,sumflo,unit,1610
winter,sumflo,unit,1620
winter,sumflo,unit,1630
winter,sumflo,unit,1650
winter,sumflo,unit,1660
winter,sumflo,unit,1670
winter,sumflo,unit,1690
winter,sumflo,unit,1700
winter,sumflo,unit,1710
winter,sumflo,unit,1730
winter,sumflo,unit,1740
winter,sumflo,unit,1750
fall,thoska,unit,1010
fall,thoska,unit,1020
fall,thoska,unit,1030
fall,thoska,unit,1040
fall,thoska,unit,1050
fall,thoska,unit,1060
fall,thoska,unit,1070
fall,thoska,unit,1080
fall,thoska,unit,1090
fall,thoska,unit,1100
fall,thoska,unit,1110
fall,thoska,unit,1120
fall,thoska,unit,1130
fall,thoska,unit,1140
fall,thoska,unit,1150
fall,thoska,unit,1160
fall,thoska,unit,1170
fall,thoska,unit,1180
fall,thoska,unit,1190
fall,thoska,unit,1200
fall,thoska,unit,1210
fall,thoska,unit,1220
fall,thoska,unit,1230
fall,thoska,unit,1240
fall,thoska,unit,1250
fall,thoska,unit,1260
fall,thoska,unit,1270
fall,thoska,unit,1280
fall,thoska,unit,1290
fall,thoska,unit,1300
fall,thoska,unit,1340
fall,thoska,unit,1350
fall,thoska,unit,1351
fall,thoska,unit,1360
fall,thoska,unit,1370
fall,thoska,unit,1380
fall,thoska,unit,1390
fall,thoska,unit,1400
fall,tilefi,unit,1010
fall,tilefi,unit,1020
fall,tilefi,unit,1030
fall,tilefi,unit,1040
fall,tilefi,unit,1050
fall,tilefi,unit,1060
fall,tilefi,unit,1070
fall,tilefi,unit,1080
fall,tilefi,unit,1090
fall,tilefi,unit,1100
fall,tilefi,unit,1110
fall,tilefi,unit,1120
fall,tilefi,unit,1130
fall,tilefi,unit,1140
fall,tilefi,unit,1150
fall,tilefi,unit,1160
fall,tilefi,unit,1170
fall,tilefi,unit,1180
fall,tilefi,unit,1190
fall,tilefi,unit,1210
fall,tilefi,unit,1220
fall,tilefi,unit,1290
fall,tilefi,unit,1300
fall,tilefi,unit,1360
fall,tilefi,unit,1610
fall,tilefi,unit,1620
fall,tilefi,unit,1630
fall,tilefi,unit,1640
fall,tilefi,unit,1650
fall,tilefi,unit,1660
fall,tilefi,unit,1670
fall,tilefi,unit,1680
fall,tilefi,unit,1690
fall,tilefi,unit,1700
fall,tilefi,unit,1710
fall,tilefi,unit,1720
fall,tilefi,unit,1730
fall,tilefi,unit,1740
fall,tilefi,unit,1750
fall,tilefi,unit,1760
spring,tilefi,unit,1010
spring,tilefi,unit,1020
spring,tilefi,unit,1030
spring,tilefi,unit,1040
spring,tilefi,unit,1050
spring,tilefi,unit,1060
spring,tilefi,unit,1070
spring,tilefi,unit,1080
spring,tilefi,unit,1090
spring,tilefi,unit,1100
spring,tilefi,unit,1110
spring,tilefi,unit,1120
spring,tilefi,unit,1130
spring,tilefi,unit,1140
spring,tilefi,unit,1150
spring,tilefi,unit,1160
spring,tilefi,unit,1170
spring,tilefi,unit,1180
spring,tilefi,unit,1190
spring,tilefi,unit,1210
spring,tilefi,unit,1220
spring,tilefi,unit,1290
spring,tilefi,unit,1300
spring,tilefi,unit,1360
spring,tilefi,unit,1610
spring,tilefi,unit,1620
spring,tilefi,unit,1630
spring,tilefi,unit,1640
spring,tilefi,unit,1650
spring,tilefi,unit,1660
spring,tilefi,unit,1670
spring,tilefi,unit,1680
spring,tilefi,unit,1690
spring,tilefi,unit,1700
spring,tilefi,unit,1710
spring,tilefi,unit,1720
spring,tilefi,unit,1730
spring,tilefi,unit,1740
spring,tilefi,unit,1750
spring,tilefi,unit,1760
fall,whihak,unit,1210
fall,whihak,unit,1220
fall,whihak,unit,1230
fall,whihak,unit,1240
fall,whihak,unit,1250
fall,whihak,unit,1260
fall,whihak,unit,1270
fall,whihak,unit,1280
fall,whihak,unit,1290
fall,whihak,unit,1300
fall,whihak,unit,1360
fall,whihak,unit,1370
fall,whihak,unit,1380
fall,whihak,unit,1390
fall,whihak,unit,1400
spring,whihak,unit,1210
spring,whihak,unit,1220
spring,whihak,unit,1230
spring,whihak,unit,1240
spring,whihak,unit,1250
spring,whihak,unit,1260
spring,whihak,unit,1270
spring,whihak,unit,1280
spring,whihak,unit,1290
spring,whihak,unit,1300
spring,whihak,unit,1360
spring,whihak,unit,1370
spring,whihak,unit,1380
spring,whihak,unit,1390
spring,whihak,unit,1400
fall,window,snemab,1010
fall,window,snemab,1020
fall,window,snemab,1030
fall,window,snemab,1040
fall,window,snemab,1050
fall,window,snemab,1060
fall,window,snemab,1070
fall,window,snemab,1080
fall,window,snemab,1090
fall,window,snemab,1100
fall,window,snemab,1110
fall,window,snemab,1120
fall,window,gbkgom,1130
fall,window,gbkgom,1140
fall,window,gbkgom,1150
fall,window,gbkgom,1160
fall,window,gbkgom,1170
fall,window,gbkgom,1180
fall,window,gbkgom,1190
fall,window,gbkgom,1200
fall,window,gbkgom,1210
fall,window,gbkgom,1220
fall,window,gbkgom,1230
fall,window,gbkgom,1240
fall,window,gbkgom,1250
fall,window,gbkgom,1260
fall,window,gbkgom,1270
fall,window,gbkgom,1280
fall,window,gbkgom,1290
fall,window,gbkgom,1300
fall,window,gbkgom,1370
fall,window,gbkgom,1380
fall,window,gbkgom,1390
fall,window,gbkgom,1400
fall,window,snemab,1610
fall,window,snemab,1620
fall,window,snemab,1630
fall,window,snemab,1640
fall,window,snemab,1650
fall,window,snemab,1660
fall,window,snemab,1670
fall,window,snemab,1680
fall,window,snemab,1690
fall,window,snemab,1700
fall,window,snemab,1710
fall,window,snemab,1720
fall,window,snemab,1730
fall,window,snemab,1740
fall,window,snemab,1750
fall,window,snemab,1760
fall,window,snemab,3020
fall,window,snemab,3050
fall,window,snemab,3080
fall,window,snemab,3110
fall,window,snemab,3140
fall,window,snemab,3170
fall,window,snemab,3200
fall,window,snemab,3230
fall,window,snemab,3260
fall,window,snemab,3290
fall,window,snemab,3320
fall,window,snemab,3350
fall,window,snemab,3380
fall,window,snemab,3410
fall,window,snemab,3440
fall,window,snemab,3450
fall,window,snemab,3460
fall,window,gbkgom,3590
fall,window,gbkgom,3600
fall,window,gbkgom,3610
fall,window,gbkgom,3650
fall,window,gbkgom,3660
fall,winflo,snemab,1010
fall,winflo,snemab,1020
fall,winflo,snemab,1050
fall,winflo,snemab,1060
fall,winflo,snemab,1090
fall,winflo,snemab,1100
fall,winflo,gbk,1130
fall,winflo,gbk,1140
fall,winflo,gbk,1150
fall,winflo,gbk,1160
fall,winflo,gbk,1170
fall,winflo,gbk,1180
fall,winflo,gbk,1190
fall,winflo,gbk,1200
fall,winflo,gbk,1210
fall,winflo,gbk,1220
fall,winflo,gbk,1230
fall,winflo,snemab,1250
fall,winflo,gom,1260
fall,winflo,gom,1390
fall,winflo,gom,1400
fall,winflo,snemab,1690
fall,winflo,snemab,1700
fall,winflo,snemab,1730
fall,winflo,snemab,1740
fall,winflo,snemab,3020
fall,winflo,snemab,3050
fall,winflo,snemab,3080
fall,winflo,snemab,3110
fall,winflo,snemab,3140
fall,winflo,snemab,3170
fall,winflo,snemab,3200
fall,winflo,snemab,3230
fall,winflo,snemab,3260
fall,winflo,snemab,3290
fall,winflo,snemab,3450
fall,winflo,snemab,3460
fall,winflo,snemab,3560
fall,winflo,gom,3590
fall,winflo,gom,3600
fall,winflo,gom,3610
fall,winflo,gom,3640
fall,winflo,gom,3650
fall,winflo,gom,3660
spring,winflo,snemab,1010
spring,winflo,snemab,1020
spring,winflo,snemab,1050
spring,winflo,snemab,1060
spring,winflo,snemab,1090
spring,winflo,snemab,1100
spring,winflo,gbk,1130
spring,winflo,gbk,1140
spring,winflo,gbk,1150
spring,winflo,gbk,1160
spring,winflo,gbk,1170
spring,winflo,gbk,1180
spring,winflo,gbk,1190
spring,winflo,gbk,1200
spring,winflo,gbk,1210
spring,winflo,gbk,1220
spring,winflo,gbk,1230
spring,winflo,snemab,1250
spring,winflo,gom,1260
spring,winflo,gom,1390
spring,winflo,gom,1400
spring,winflo,snemab,1690
spring,winflo,snemab,1700
spring,winflo,snemab,1730
spring,winflo,snemab,1740
spring,winflo,snemab,3020
spring,winflo,snemab,3050
spring,winflo,snemab,3080
spring,winflo,snemab,3110
spring,winflo,snemab,3140
spring,winflo,snemab,3170
spring,winflo,snemab,3200
spring,winflo,snemab,3230
spring,winflo,snemab,3260
spring,winflo,snemab,3290
spring,winflo,snemab,3450
spring,winflo,snemab,3460
spring,winflo,snemab,3560
spring,winflo,gom,3590
spring,winflo,gom,3600
spring,winflo,gom,3610
spring,winflo,gom,3640
spring,winflo,gom,3650
spring,winflo,gom,3660
winter,winflo,snemab,1010
winter,winflo,snemab,1020
winter,winflo,snemab,1050
winter,winflo,snemab,1060
winter,winflo,snemab,1090
winter,winflo,snemab,1100
winter,winflo,snemab,1250
winter,winflo,snemab,1690
winter,winflo,snemab,1700
winter,winflo,snemab,1730
winter,winflo,snemab,1740
winter,winflo,snemab,3020
winter,winflo,snemab,3050
winter,winflo,snemab,3080
winter,winflo,snemab,3110
winter,winflo,snemab,3140
winter,winflo,snemab,3170
winter,winflo,snemab,3200
winter,winflo,snemab,3230
winter,winflo,snemab,3260
winter,winflo,snemab,3290
winter,winflo,snemab,3450
winter,winflo,snemab,3460
winter,winflo,snemab,3560
fall,winska,unit,1010
fall,winska,unit,1020
fall,winska,unit,1030
fall,winska,unit,1040
fall,winska,unit,1050
fall,winska,unit,1060
fall,winska,unit,1070
fall,winska,unit,1080
fall,winska,unit,1090
fall,winska,unit,1100
fall,winska,unit,1110
fall,winska,unit,1120
fall,winska,unit,1130
fall,winska,unit,1140
fall,winska,unit,1150
fall,winska,unit,1160
fall,winska,unit,1170
fall,winska,unit,1180
fall,winska,unit,1190
fall,winska,unit,1200
fall,winska,unit,1210
fall,winska,unit,1220
fall,winska,unit,1230
fall,winska,unit,1240
fall,winska,unit,1250
fall,winska,unit,1260
fall,winska,unit,1270
fall,winska,unit,1280
fall,winska,unit,1290
fall,winska,unit,1300
fall,winska,unit,1340
fall,winska,unit,1350
fall,winska,unit,1351
fall,winska,unit,1360
fall,winska,unit,1370
fall,winska,unit,1380
fall,winska,unit,1390
fall,winska,unit,1400
fall,winska,unit,1610
fall,winska,unit,1620
fall,winska,unit,1630
fall,winska,unit,1640
fall,winska,unit,1650
fall,winska,unit,1660
fall,winska,unit,1670
fall,winska,unit,1680
fall,winska,unit,1690
fall,winska,unit,1700
fall,winska,unit,1710
fall,winska,unit,1720
fall,winska,unit,1730
fall,winska,unit,1740
fall,winska,unit,1750
fall,winska,unit,1760
fall,witflo,unit,1220
fall,witflo,unit,1230
fall,witflo,unit,1240
fall,witflo,unit,1250
fall,witflo,unit,1260
fall,witflo,unit,1270
fall,witflo,unit,1280
fall,witflo,unit,1290
fall,witflo,unit,1300
fall,witflo,unit,1360
fall,witflo,unit,1370
fall,witflo,unit,1380
fall,witflo,unit,1390
fall,witflo,unit,1400
spring,witflo,unit,1220
spring,witflo,unit,1230
spring,witflo,unit,1240
spring,witflo,unit,1250
spring,witflo,unit,1260
spring,witflo,unit,1270
spring,witflo,unit,1280
spring,witflo,unit,1290
spring,witflo,unit,1300
spring,witflo,unit,1360
spring,witflo,unit,1370
spring,witflo,unit,1380
spring,witflo,unit,1390
spring,witflo,unit,1400
fall,yelflo,snemab,1010
fall,yelflo,snemab,1020
fall,yelflo,snemab,1050
fall,yelflo,snemab,1060
fall,yelflo,snemab,1090
fall,yelflo,snemab,1100
fall,yelflo,gbk,1130
fall,yelflo,gbk,1140
fall,yelflo,gbk,1150
fall,yelflo,gbk,1160
fall,yelflo,gbk,1170
fall,yelflo,gbk,1180
fall,yelflo,gbk,1190
fall,yelflo,gbk,1200
fall,yelflo,gbk,1210
fall,yelflo,ccgom,1250
fall,yelflo,ccgom,1260
fall,yelflo,ccgom,1390
fall,yelflo,ccgom,1400
fall,yelflo,ccgom,3560
fall,yelflo,ccgom,3570
fall,yelflo,ccgom,3590
fall,yelflo,ccgom,3600
fall,yelflo,ccgom,3610
fall,yelflo,ccgom,3620
fall,yelflo,ccgom,3640
fall,yelflo,ccgom,3650
fall,yelflo,ccgom,3660
spring,yelflo,snemab,1010
spring,yelflo,snemab,1020
spring,yelflo,snemab,1050
spring,yelflo,snemab,1060
spring,yelflo,snemab,1090
spring,yelflo,snemab,1100
spring,yelflo,gbk,1130
spring,yelflo,gbk,1140
spring,yelflo,gbk,1150
spring,yelflo,gbk,1160
spring,yelflo,gbk,1170
spring,yelflo,gbk,1180
spring,yelflo,gbk,1190
spring,yelflo,gbk,1200
spring,yelflo,gbk,1210
spring,yelflo,ccgom,1250
spring,yelflo,ccgom,1260
spring,yelflo,ccgom,1270
spring,yelflo,ccgom,1390
spring,yelflo,ccgom,1400
spring,yelflo,snemab,1690
spring,yelflo,snemab,1730
spring,yelflo,snemab,1740
spring,yelflo,ccgom,3560
spring,yelflo,ccgom,3570
spring,yelflo,ccgom,3590
spring,yelflo,ccgom,3600
spring,yelflo,ccgom,3610
spring,yelflo,ccgom,3620
spring,yelflo,ccgom,3640
spring,yelflo,ccgom,3650
spring,yelflo,ccgom,3660
winter,yelflo,snemab,1010
winter,yelflo,snemab,1020
winter,yelflo,snemab,1050
winter,yelflo,snemab,1060
winter,yelflo,snemab,1090
winter,yelflo,snemab,1100
winter,yelflo,snemab,1690
winter,yelflo,snemab,1730
winter,yelflo,snemab,1740
spring,amlobs,gbk,1240
spring,amlobs,gbk,1220
spring,amlobs,gbk,1210
spring,amlobs,gbk,1200
spring,amlobs,gbk,1180
spring,amlobs,gbk,1170
spring,amlobs,gbk,1160
spring,amlobs,gbk,1190
spring,amlobs,gbk,1230
spring,amlobs,gbk,1250
spring,amlobs,gbk,1090
spring,amlobs,gbk,1130
spring,amlobs,gbk,1100
spring,amlobs,gbk,1140
spring,amlobs,gbk,1150
spring,amlobs,gbk,1110
spring,amlobs,gbk,1120
fall,amlobs,gbk,1240
fall,amlobs,gbk,1220
fall,amlobs,gbk,1210
fall,amlobs,gbk,1200
fall,amlobs,gbk,1180
fall,amlobs,gbk,1170
fall,amlobs,gbk,1160
fall,amlobs,gbk,1190
fall,amlobs,gbk,1230
fall,amlobs,gbk,1250
fall,amlobs,gbk,1090
fall,amlobs,gbk,1130
fall,amlobs,gbk,1100
fall,amlobs,gbk,1140
fall,amlobs,gbk,1150
fall,amlobs,gbk,1110
fall,amlobs,gbk,1120
spring,amlobs,gom,1360
spring,amlobs,gom,1400
spring,amlobs,gom,1270
spring,amlobs,gom,1260
spring,amlobs,gom,1280
spring,amlobs,gom,3660
spring,amlobs,gom,3650
spring,amlobs,gom,1290
spring,amlobs,gom,1300
spring,amlobs,gom,3610
spring,amlobs,gom,3590
spring,amlobs,gom,3600
spring,amlobs,gom,1390
spring,amlobs,gom,1351
spring,amlobs,gom,1380
spring,amlobs,gom,1340
spring,amlobs,gom,1370
spring,amlobs,gom,3560
spring,amlobs,gom,3640
fall,amlobs,gom,1360
fall,amlobs,gom,1400
fall,amlobs,gom,1270
fall,amlobs,gom,1260
fall,amlobs,gom,1280
fall,amlobs,gom,3660
fall,amlobs,gom,3650
fall,amlobs,gom,1290
fall,amlobs,gom,1300
fall,amlobs,gom,3610
fall,amlobs,gom,3590
fall,amlobs,gom,3600
fall,amlobs,gom,1390
fall,amlobs,gom,1351
fall,amlobs,gom,1380
fall,amlobs,gom,1340
fall,amlobs,gom,1370
fall,amlobs,gom,3560
fall,amlobs,gom,3640
spring,amlobs,sne,3921
spring,amlobs,sne,3919
spring,amlobs,sne,3510
spring,amlobs,sne,3918
spring,amlobs,sne,3550
spring,amlobs,sne,3520
spring,amlobs,sne,3540
spring,amlobs,sne,3480
spring,amlobs,sne,3450
spring,amlobs,sne,3460
spring,amlobs,sne,1050
spring,amlobs,sne,1060
spring,amlobs,sne,1010
spring,amlobs,sne,1020
spring,amlobs,sne,1070
spring,amlobs,sne,1080
spring,amlobs,sne,1730
spring,amlobs,sne,1030
spring,amlobs,sne,1040
spring,amlobs,sne,1740
spring,amlobs,sne,1750
spring,amlobs,sne,1760
spring,amlobs,sne,1690
spring,amlobs,sne,1700
spring,amlobs,sne,1710
spring,amlobs,sne,1720
spring,amlobs,sne,1650
spring,amlobs,sne,1660
spring,amlobs,sne,1670
spring,amlobs,sne,1680
spring,amlobs,sne,1610
spring,amlobs,sne,1620
spring,amlobs,sne,1630
spring,amlobs,sne,1640
spring,amlobs,sne,3020
spring,amlobs,sne,3050
spring,amlobs,sne,3080
spring,amlobs,sne,3110
spring,amlobs,sne,3140
spring,amlobs,sne,3170
spring,amlobs,sne,3200
spring,amlobs,sne,3230
spring,amlobs,sne,3260
spring,amlobs,sne,3290
spring,amlobs,sne,3320
spring,amlobs,sne,3350
spring,amlobs,sne,3380
spring,amlobs,sne,3410
spring,amlobs,sne,3440
fall,amlobs,sne,3921
fall,amlobs,sne,3919
fall,amlobs,sne,3510
fall,amlobs,sne,3918
fall,amlobs,sne,3550
fall,amlobs,sne,3520
fall,amlobs,sne,3540
fall,amlobs,sne,3480
fall,amlobs,sne,3450
fall,amlobs,sne,3460
fall,amlobs,sne,1050
fall,amlobs,sne,1060
fall,amlobs,sne,1010
fall,amlobs,sne,1020
fall,amlobs,sne,1070
fall,amlobs,sne,1080
fall,amlobs,sne,1730
fall,amlobs,sne,1030
fall,amlobs,sne,1040
fall,amlobs,sne,1740
fall,amlobs,sne,1750
fall,amlobs,sne,1760
fall,amlobs,sne,1690
fall,amlobs,sne,1700
fall,amlobs,sne,1710
fall,amlobs,sne,1720
fall,amlobs,sne,1650
fall,amlobs,sne,1660
fall,amlobs,sne,1670
fall,amlobs,sne,1680
fall,amlobs,sne,1610
fall,amlobs,sne,1620
fall,amlobs,sne,1630
fall,amlobs,sne,1640
fall,amlobs,sne,3020
fall,amlobs,sne,3050
fall,amlobs,sne,3080
fall,amlobs,sne,3110
fall,amlobs,sne,3140
fall,amlobs,sne,3170
fall,amlobs,sne,3200
fall,amlobs,sne,3230
fall,amlobs,sne,3260
fall,amlobs,sne,3290
fall,amlobs,sne,3320
fall,amlobs,sne,3350
fall,amlobs,sne,3380
fall,amlobs,sne,3410
fall,amlobs,sne,3440
spring,joncra,gbk,1240
spring,joncra,gbk,1220
spring,joncra,gbk,1210
spring,joncra,gbk,1200
spring,joncra,gbk,1180
spring,joncra,gbk,1170
spring,joncra,gbk,1160
spring,joncra,gbk,1190
spring,joncra,gbk,1230
spring,joncra,gbk,1250
spring,joncra,gbk,1090
spring,joncra,gbk,1130
spring,joncra,gbk,1100
spring,joncra,gbk,1140
spring,joncra,gbk,1150
spring,joncra,gbk,1110
spring,joncra,gbk,1120
fall,joncra,gbk,1240
fall,joncra,gbk,1220
fall,joncra,gbk,1210
fall,joncra,gbk,1200
fall,joncra,gbk,1180
fall,joncra,gbk,1170
fall,joncra,gbk,1160
fall,joncra,gbk,1190
fall,joncra,gbk,1230
fall,joncra,gbk,1250
fall,joncra,gbk,1090
fall,joncra,gbk,1130
fall,joncra,gbk,1100
fall,joncra,gbk,1140
fall,joncra,gbk,1150
fall,joncra,gbk,1110
fall,joncra,gbk,1120
spring,joncra,gom,1360
spring,joncra,gom,1400
spring,joncra,gom,1270
spring,joncra,gom,1260
spring,joncra,gom,1280
spring,joncra,gom,3660
spring,joncra,gom,3650
spring,joncra,gom,1290
spring,joncra,gom,1300
spring,joncra,gom,3610
spring,joncra,gom,3590
spring,joncra,gom,3600
spring,joncra,gom,1390
spring,joncra,gom,1351
spring,joncra,gom,1380
spring,joncra,gom,1340
spring,joncra,gom,1370
spring,joncra,gom,3560
spring,joncra,gom,3640
fall,joncra,gom,1360
fall,joncra,gom,1400
fall,joncra,gom,1270
fall,joncra,gom,1260
fall,joncra,gom,1280
fall,joncra,gom,3660
fall,joncra,gom,3650
fall,joncra,gom,1290
fall,joncra,gom,1300
fall,joncra,gom,3610
fall,joncra,gom,3590
fall,joncra,gom,3600
fall,joncra,gom,1390
fall,joncra,gom,1351
fall,joncra,gom,1380
fall,joncra,gom,1340
fall,joncra,gom,1370
fall,joncra,gom,3560
fall,joncra,gom,3640
spring,joncra,sne,3921
spring,joncra,sne,3919
spring,joncra,sne,3510
spring,joncra,sne,3918
spring,joncra,sne,3550
spring,joncra,sne,3520
spring,joncra,sne,3540
spring,joncra,sne,3480
spring,joncra,sne,3450
spring,joncra,sne,3460
spring,joncra,sne,1050
spring,joncra,sne,1060
spring,joncra,sne,1010
spring,joncra,sne,1020
spring,joncra,sne,1070
spring,joncra,sne,1080
spring,joncra,sne,1730
spring,joncra,sne,1030
spring,joncra,sne,1040
spring,joncra,sne,1740
spring,joncra,sne,1750
spring,joncra,sne,1760
spring,joncra,sne,1690
spring,joncra,sne,1700
spring,joncra,sne,1710
spring,joncra,sne,1720
spring,joncra,sne,1650
spring,joncra,sne,1660
spring,joncra,sne,1670
spring,joncra,sne,1680
spring,joncra,sne,1610
spring,joncra,sne,1620
spring,joncra,sne,1630
spring,joncra,sne,1640
spring,joncra,sne,3020
spring,joncra,sne,3050
spring,joncra,sne,3080
spring,joncra,sne,3110
spring,joncra,sne,3140
spring,joncra,sne,3170
spring,joncra,sne,3200
spring,joncra,sne,3230
spring,joncra,sne,3260
spring,joncra,sne,3290
spring,joncra,sne,3320
spring,joncra,sne,3350
spring,joncra,sne,3380
spring,joncra,sne,3410
spring,joncra,sne,3440
fall,joncra,sne,3921
fall,joncra,sne,3919
fall,joncra,sne,3510
fall,joncra,sne,3918
fall,joncra,sne,3550
fall,joncra,sne,3520
fall,joncra,sne,3540
fall,joncra,sne,3480
fall,joncra,sne,3450
fall,joncra,sne,3460
fall,joncra,sne,1050
fall,joncra,sne,1060
fall,joncra,sne,1010
fall,joncra,sne,1020
fall,joncra,sne,1070
fall,joncra,sne,1080
fall,joncra,sne,1730
fall,joncra,sne,1030
fall,joncra,sne,1040
fall,joncra,sne,1740
fall,joncra,sne,1750
fall,joncra,sne,1760
fall,joncra,sne,1690
fall,joncra,sne,1700
fall,joncra,sne,1710
fall,joncra,sne,1720
fall,joncra,sne,1650
fall,joncra,sne,1660
fall,joncra,sne,1670
fall,joncra,sne,1680
fall,joncra,sne,1610
fall,joncra,sne,1620
fall,joncra,sne,1630
fall,joncra,sne,1640
fall,joncra,sne,3020
fall,joncra,sne,3050
fall,joncra,sne,3080
fall,joncra,sne,3110
fall,joncra,sne,3140
fall,joncra,sne,3170
fall,joncra,sne,3200
fall,joncra,sne,3230
fall,joncra,sne,3260
fall,joncra,sne,3290
fall,joncra,sne,3320
fall,joncra,sne,3350
fall,joncra,sne,3380
fall,joncra,sne,3410
fall,joncra,sne,3440
